quarter,quarter_end,value,source
2021Q4,2021-12-31,10.1,https://investors.duolingo.com/news-releases/news-release-details/duolingo-reports-62-dau-growth-record-bookings-and-revenue
2022Q3,2022-09-30,14.9,https://investors.duolingo.com/static-files/033ccf0a-f5ea-4897-ba7a-00b00bb48a2d
2022Q4,2022-12-31,16.3,https://investors.duolingo.com/news-releases/news-release-details/duolingo-reports-62-dau-growth-record-bookings-and-revenue
2023Q1,2023-03-31,20.3,https://investors.duolingo.com/news-releases/news-release-details/duolingo-reports-45-revenue-growth-and-record-profitability
2023Q2,2023-06-30,21.4,https://www.sec.gov/Archives/edgar/data/1562088/000156208824000203/q2fy24duolingo06-30x24pres.htm
2023Q3,2023-09-30,24.2,https://investors.duolingo.com/static-files/033ccf0a-f5ea-4897-ba7a-00b00bb48a2d
2023Q4,2023-12-31,26.9,https://investors.duolingo.com/static-files/99006c40-d8cf-41ca-b5b1-c5cb1fa5ba88
2024Q1,2024-03-31,31.4,https://investors.duolingo.com/news-releases/news-release-details/duolingo-reports-45-revenue-growth-and-record-profitability
2024Q2,2024-06-30,34.1,https://www.sec.gov/Archives/edgar/data/1562088/000156208824000203/q2fy24duolingo06-30x24pres.htm
2024Q3,2024-09-30,37.2,https://www.sec.gov/Archives/edgar/data/1562088/000162828025049514/q3fy25duolingo9-30x25share.htm
2024Q4,2024-12-31,40.5,https://investors.duolingo.com/static-files/99006c40-d8cf-41ca-b5b1-c5cb1fa5ba88
2025Q1,2025-03-31,46.6,https://www.sec.gov/Archives/edgar/data/1562088/000162828026029790/q1fy26duolingo3-31x26share.htm
2025Q2,2025-06-30,47.7,https://www.sec.gov/Archives/edgar/data/1562088/000162828026053299/q2fy26duolingo6-30x26share.htm
2025Q3,2025-09-30,50.5,https://www.sec.gov/Archives/edgar/data/1562088/000162828025049514/q3fy25duolingo9-30x25share.htm
2025Q4,2025-12-31,52.7,https://www.sec.gov/Archives/edgar/data/1562088/000162828026012246/q4fy25duolingo12-31x25shar.htm
2026Q1,2026-03-31,56.5,https://www.sec.gov/Archives/edgar/data/1562088/000162828026029790/q1fy26duolingo3-31x26share.htm
2026Q2,2026-06-30,58.7,https://www.sec.gov/Archives/edgar/data/1562088/000162828026053299/q2fy26duolingo6-30x26share.htm
