quarter,quarter_end,value,source
2021Q1,2021-03-31,64.4,https://s26.q4cdn.com/656283129/files/doc_financials/2022/q4/Airbnb_Q4-2022-Shareholder-Letter_Final.pdf
2021Q2,2021-06-30,83.1,https://s26.q4cdn.com/656283129/files/doc_financials/2022/q4/Airbnb_Q4-2022-Shareholder-Letter_Final.pdf
2021Q3,2021-09-30,79.7,https://s26.q4cdn.com/656283129/files/doc_financials/2022/q4/Airbnb_Q4-2022-Shareholder-Letter_Final.pdf
2021Q4,2021-12-31,73.4,https://s26.q4cdn.com/656283129/files/doc_financials/2022/q4/Airbnb_Q4-2022-Shareholder-Letter_Final.pdf
2022Q1,2022-03-31,102.1,https://s26.q4cdn.com/656283129/files/doc_financials/2022/q4/Airbnb_Q4-2022-Shareholder-Letter_Final.pdf
2022Q2,2022-06-30,103.7,https://s26.q4cdn.com/656283129/files/doc_financials/2022/q4/Airbnb_Q4-2022-Shareholder-Letter_Final.pdf
2022Q3,2022-09-30,99.7,https://s26.q4cdn.com/656283129/files/doc_financials/2022/q4/Airbnb_Q4-2022-Shareholder-Letter_Final.pdf
2022Q4,2022-12-31,88.2,https://s26.q4cdn.com/656283129/files/doc_financials/2022/q4/Airbnb_Q4-2022-Shareholder-Letter_Final.pdf
2023Q1,2023-03-31,121.1,https://s26.q4cdn.com/656283129/files/doc_financials/2023/q4/Airbnb_Q4-2023-Shareholder-Letter_Final.pdf
2023Q2,2023-06-30,115.1,https://s26.q4cdn.com/656283129/files/doc_financials/2023/q4/Airbnb_Q4-2023-Shareholder-Letter_Final.pdf
2023Q3,2023-09-30,113.2,https://s26.q4cdn.com/656283129/files/doc_financials/2023/q4/Airbnb_Q4-2023-Shareholder-Letter_Final.pdf
2023Q4,2023-12-31,98.8,https://s26.q4cdn.com/656283129/files/doc_financials/2023/q4/Airbnb_Q4-2023-Shareholder-Letter_Final.pdf
2024Q1,2024-03-31,132.6,https://s26.q4cdn.com/656283129/files/doc_financials/2025/q4/Airbnb_Q4-2025-Shareholder-Letter-Final.pdf
2024Q2,2024-06-30,125.1,https://s26.q4cdn.com/656283129/files/doc_financials/2025/q4/Airbnb_Q4-2025-Shareholder-Letter-Final.pdf
2024Q3,2024-09-30,122.8,https://s26.q4cdn.com/656283129/files/doc_financials/2025/q4/Airbnb_Q4-2025-Shareholder-Letter-Final.pdf
2024Q4,2024-12-31,111.0,https://s26.q4cdn.com/656283129/files/doc_financials/2025/q4/Airbnb_Q4-2025-Shareholder-Letter-Final.pdf
2025Q1,2025-03-31,143.1,https://s26.q4cdn.com/656283129/files/doc_financials/2025/q4/Airbnb_Q4-2025-Shareholder-Letter-Final.pdf
2025Q2,2025-06-30,134.4,https://s26.q4cdn.com/656283129/files/doc_financials/2025/q4/Airbnb_Q4-2025-Shareholder-Letter-Final.pdf
2025Q3,2025-09-30,133.6,https://s26.q4cdn.com/656283129/files/doc_financials/2025/q4/Airbnb_Q4-2025-Shareholder-Letter-Final.pdf
2025Q4,2025-12-31,121.9,https://s26.q4cdn.com/656283129/files/doc_financials/2025/q4/Airbnb_Q4-2025-Shareholder-Letter-Final.pdf
2026Q1,2026-03-31,156.2,https://s26.q4cdn.com/656283129/files/doc_financials/2026/q2/Airbnb-Q2-2026-Shareholder-Letter.pdf
2026Q2,2026-06-30,148.3,https://s26.q4cdn.com/656283129/files/doc_financials/2026/q2/Airbnb-Q2-2026-Shareholder-Letter.pdf
